state,x,y
Andhra Pradesh,-20,-140
Arunachal Pradesh,240,120
Assam,200,60
Bihar,50,30
Chhattisgarh,-30,-40
Goa,-180,-160
Gujarat,-250,0
Haryana,-130,100
Himachal Pradesh,-100,180
Jharkhand,50,-10
Karnataka,-140,-160
Kerala,-130,-270
Madhya Pradesh,-90,0
Maharashtra,-150,-60
Manipur,240,20
Meghalaya,180,40
Mizoram,230,-10
Nagaland,250,60
Odisha,35,-65
Punjab,-150,135
Rajasthan,-220,65
Sikkim,90,105
Tamil Nadu,-70,-240
Telangana,-40,-90
Tripura,200,10
Uttar Pradesh,-50,60
Uttarakhand,-45,130
West Bengal,90,10